{"cam_D": [-0.173981, 0.022416, -0.000744, -0.000158, 0.0], "cam_K": [797.351678, 0.0, 993.586356, 0.0, 799.238376, 583.568721, 0.0, 0.0, 1.0]}