{"translation": [[-0.01424], [-0.269508], [0.178519]], "rotation": [[0.053657, -0.998549, 0.004411], [-0.014967, -0.005221, -0.999874], [0.998447, 0.053585, -0.015225]]}